{
  "lang":"en",
  "name":"pipeline",
  "version":"0.0.0",
  "spacy_version":">=3.4.1,<3.5.0",
  "description":"",
  "author":"",
  "email":"",
  "url":"",
  "license":"",
  "spacy_git_version":"Unknown",
  "vectors":{
    "width":0,
    "vectors":0,
    "keys":0,
    "name":null,
    "mode":"default"
  },
  "labels":{
    "tok2vec":[

    ],
    "ner":[
      "ARR",
      "CODE",
      "LOC",
      "NOM_VOIE",
      "NUM",
      "ORG",
      "PART",
      "PER",
      "PRENOM",
      "STATUT",
      "TYPE_VOIE",
      "VILLE"
    ]
  },
  "pipeline":[
    "tok2vec",
    "ner"
  ],
  "components":[
    "tok2vec",
    "ner"
  ],
  "disabled":[

  ],
  "performance":{
    "ents_f":0.8949024544,
    "ents_p":0.8988621997,
    "ents_r":0.8909774436,
    "ents_per_type":{
      "PER":{
        "p":0.9058823529,
        "r":0.950617284,
        "f":0.9277108434
      },
      "PRENOM":{
        "p":0.6885245902,
        "r":0.724137931,
        "f":0.7058823529
      },
      "NUM":{
        "p":0.9529411765,
        "r":0.9,
        "f":0.9257142857
      },
      "TYPE_VOIE":{
        "p":0.9680851064,
        "r":0.9191919192,
        "f":0.9430051813
      },
      "NOM_VOIE":{
        "p":0.9202898551,
        "r":0.954887218,
        "f":0.9372693727
      },
      "VILLE":{
        "p":1.0,
        "r":0.724137931,
        "f":0.84
      },
      "LOC":{
        "p":0.9615384615,
        "r":0.8333333333,
        "f":0.8928571429
      },
      "CODE":{
        "p":0.8695652174,
        "r":0.9032258065,
        "f":0.8860759494
      },
      "PART":{
        "p":0.75,
        "r":0.75,
        "f":0.75
      },
      "ARR":{
        "p":0.9540229885,
        "r":0.9651162791,
        "f":0.9595375723
      },
      "ORG":{
        "p":0.6,
        "r":0.4285714286,
        "f":0.5
      },
      "STATUT":{
        "p":0.7894736842,
        "r":0.7894736842,
        "f":0.7894736842
      }
    },
    "tok2vec_loss":5894.493425294,
    "ner_loss":1307.4086813418
  }
}