{
  "lang":"en",
  "name":"pipeline",
  "version":"0.0.0",
  "spacy_version":">=3.4.1,<3.5.0",
  "description":"",
  "author":"",
  "email":"",
  "url":"",
  "license":"",
  "spacy_git_version":"Unknown",
  "vectors":{
    "width":0,
    "vectors":0,
    "keys":0,
    "name":null,
    "mode":"default"
  },
  "labels":{
    "tok2vec":[

    ],
    "ner":[
      "ARR",
      "CODE",
      "LOC",
      "NOM_VOIE",
      "NUM",
      "ORG",
      "PART",
      "PER",
      "PRENOM",
      "STATUT",
      "TYPE_VOIE",
      "VILLE"
    ]
  },
  "pipeline":[
    "tok2vec",
    "ner"
  ],
  "components":[
    "tok2vec",
    "ner"
  ],
  "disabled":[

  ],
  "performance":{
    "ents_f":0.9021329987,
    "ents_p":0.9032663317,
    "ents_r":0.9010025063,
    "ents_per_type":{
      "PER":{
        "p":0.8651685393,
        "r":0.950617284,
        "f":0.9058823529
      },
      "PRENOM":{
        "p":0.6949152542,
        "r":0.7068965517,
        "f":0.7008547009
      },
      "NUM":{
        "p":0.9666666667,
        "r":0.9666666667,
        "f":0.9666666667
      },
      "TYPE_VOIE":{
        "p":0.9393939394,
        "r":0.9393939394,
        "f":0.9393939394
      },
      "NOM_VOIE":{
        "p":0.9179104478,
        "r":0.9248120301,
        "f":0.9213483146
      },
      "VILLE":{
        "p":0.9583333333,
        "r":0.7931034483,
        "f":0.8679245283
      },
      "LOC":{
        "p":0.9583333333,
        "r":0.7666666667,
        "f":0.8518518519
      },
      "CODE":{
        "p":0.9155844156,
        "r":0.9096774194,
        "f":0.9126213592
      },
      "PART":{
        "p":1.0,
        "r":1.0,
        "f":1.0
      },
      "ARR":{
        "p":0.9545454545,
        "r":0.976744186,
        "f":0.9655172414
      },
      "ORG":{
        "p":0.7272727273,
        "r":0.5714285714,
        "f":0.64
      },
      "STATUT":{
        "p":0.75,
        "r":0.7894736842,
        "f":0.7692307692
      }
    },
    "tok2vec_loss":327.0914713016,
    "ner_loss":621.4904728641
  }
}